{
  "2": {
    "zone_name": "Indar",
    "region_types": {
      "2": [
        {
          "1": 2,
          "2": "3400",
          "3": "2105",
          "4": "Peris"
        },
        {
          "1": 2,
          "2": "3201",
          "3": "2107",
          "4": "Dahaka"
        },
        {
          "1": 2,
          "2": "118000",
          "3": "2109",
          "4": "Zurvan"
        }
      ],
      "3": [
        {
          "1": 3,
          "2": "4001",
          "3": "2103",
          "4": "Allatum"
        },
        {
          "1": 3,
          "2": "3801",
          "3": "2104",
          "4": "Saurva"
        },
        {
          "1": 3,
          "2": "3601",
          "3": "2106",
          "4": "Rashnu"
        }
      ],
      "4": [
        {
          "1": 4,
          "2": "7500",
          "3": "2101",
          "4": "Hvar"
        },
        {
          "1": 4,
          "2": "4401",
          "3": "2102",
          "4": "Mao"
        },
        {
          "1": 4,
          "2": "7000",
          "3": "2108",
          "4": "Tawrich"
        }
      ],
      "5": [
        {
          "1": 5,
          "2": "5300",
          "3": "2301",
          "4": "Camp Connery"
        },
        {
          "1": 5,
          "2": "5500",
          "3": "2302",
          "4": "Camp Waterson"
        },
        {
          "1": 5,
          "2": "5100",
          "3": "2303",
          "4": "Indar Excavation Site"
        },
        {
          "1": 5,
          "2": "5200",
          "3": "2304",
          "4": "J908 Impact Site"
        },
        {
          "1": 5,
          "2": "5900",
          "3": "2305",
          "4": "Crimson Bluff Tower"
        },
        {
          "1": 5,
          "2": "6200",
          "3": "2306",
          "4": "The Crown"
        },
        {
          "1": 5,
          "2": "6100",
          "3": "2307",
          "4": "Crossroads Watchtower"
        },
        {
          "1": 5,
          "2": "6000",
          "3": "2308",
          "4": "Indar Bay Point"
        },
        {
          "1": 5,
          "2": "5800",
          "3": "2309",
          "4": "Vanu Archives"
        },
        {
          "1": 5,
          "2": "5700",
          "3": "2310",
          "4": "Regent Rock Garrison"
        },
        {
          "1": 5,
          "2": "6500",
          "3": "2311",
          "4": "The Stronghold"
        },
        {
          "1": 5,
          "2": "6400",
          "3": "2312",
          "4": "Feldspar Canyon Base"
        },
        {
          "1": 5,
          "2": "6300",
          "3": "2313",
          "4": "Arroyo Torre Station"
        },
        {
          "1": 5,
          "2": "213",
          "3": "2414",
          "4": "Howling Pass Checkpoint"
        },
        {
          "1": 5,
          "2": "215",
          "3": "2416",
          "4": "Quartz Ridge Camp"
        }
      ],
      "6": [
        {
          "1": 6,
          "2": "201",
          "3": "2402",
          "4": "Indar Waste Treatment"
        },
        {
          "1": 6,
          "2": "202",
          "3": "2403",
          "4": "NS Salvage Yard"
        },
        {
          "1": 6,
          "2": "203",
          "3": "2404",
          "4": "Saurva Overflow Depot"
        },
        {
          "1": 6,
          "2": "204",
          "3": "2405",
          "4": "Helios Solar, Inc."
        },
        {
          "1": 6,
          "2": "205",
          "3": "2406",
          "4": "Alkali Shipping"
        },
        {
          "1": 6,
          "2": "206",
          "3": "2407",
          "4": "CoraMed Labs"
        },
        {
          "1": 6,
          "2": "207",
          "3": "2408",
          "4": "Benson Construction"
        },
        {
          "1": 6,
          "2": "208",
          "3": "2409",
          "4": "Alkali Mining Supply"
        },
        {
          "1": 6,
          "2": "209",
          "3": "2410",
          "4": "Crater Firing Range"
        },
        {
          "1": 6,
          "2": "210",
          "3": "2411",
          "4": "Alkali Storage"
        },
        {
          "1": 6,
          "2": "211",
          "3": "2412",
          "4": "Briggs Laboratories"
        },
        {
          "1": 6,
          "2": "212",
          "3": "2413",
          "4": "NS Refinery"
        },
        {
          "1": 6,
          "2": "214",
          "3": "2415",
          "4": "Indar Comm. Array"
        },
        {
          "1": 6,
          "2": "216",
          "3": "2417",
          "4": "West Highlands Checkpoint"
        },
        {
          "1": 6,
          "2": "217",
          "3": "2418",
          "4": "Seabed Listening Post"
        },
        {
          "1": 6,
          "2": "218",
          "3": "2419",
          "4": "Ti Alloys, Inc."
        },
        {
          "1": 6,
          "2": "219",
          "3": "2420",
          "4": "Ceres Hydroponics"
        },
        {
          "1": 6,
          "2": "220",
          "3": "2421",
          "4": "Galaxy Solar Plant"
        },
        {
          "1": 6,
          "2": "221",
          "3": "2422",
          "4": "The Palisade"
        },
        {
          "1": 6,
          "2": "222",
          "3": "2423",
          "4": "East Canyon Checkpoint"
        },
        {
          "1": 6,
          "2": "223",
          "3": "2424",
          "4": "Abandoned NS Offices"
        },
        {
          "1": 6,
          "2": "224",
          "3": "2425",
          "4": "NS Material Storage"
        },
        {
          "1": 6,
          "2": "225",
          "3": "2426",
          "4": "Sandstone Gulch Mining"
        },
        {
          "1": 6,
          "2": "226",
          "3": "2427",
          "4": "NS Secure Data Lab"
        },
        {
          "1": 6,
          "2": "227",
          "3": "2428",
          "4": "Highlands Solar Station"
        },
        {
          "1": 6,
          "2": "228",
          "3": "2429",
          "4": "Ayani Labs"
        },
        {
          "1": 6,
          "2": "229",
          "3": "2430",
          "4": "Snake Ravine Lookout"
        },
        {
          "1": 6,
          "2": "230",
          "3": "2431",
          "4": "XenoTech Labs"
        },
        {
          "1": 6,
          "2": "231",
          "3": "2432",
          "4": "Broken Arch Road"
        },
        {
          "1": 6,
          "2": "232",
          "3": "2433",
          "4": "Gravel Pass"
        },
        {
          "1": 6,
          "2": "235",
          "3": "2436",
          "4": "Rust Mesa Lookout"
        },
        {
          "1": 6,
          "2": "236",
          "3": "2437",
          "4": "The Old Stockpile"
        },
        {
          "1": 6,
          "2": "237",
          "3": "2438",
          "4": "Ceres Biotech"
        },
        {
          "1": 6,
          "2": "239",
          "3": "2440",
          "4": "Highlands Substation"
        },
        {
          "1": 6,
          "2": "241",
          "3": "2442",
          "4": "NS Research Labs"
        },
        {
          "1": 6,
          "2": "242",
          "3": "2443",
          "4": "Scarred Mesa Skydock"
        },
        {
          "1": 6,
          "2": "243",
          "3": "2444",
          "4": "Red Ridge Communications"
        },
        {
          "1": 6,
          "2": "246",
          "3": "2447",
          "4": "Copper Ravine Station"
        },
        {
          "1": 6,
          "2": "247",
          "3": "2448",
          "4": "Old Auraxium Mines"
        },
        {
          "1": 6,
          "2": "248",
          "3": "2449",
          "4": "Valley Storage Yard"
        },
        {
          "1": 6,
          "2": "250",
          "3": "2451",
          "4": "Blackshard Iridium Mine"
        },
        {
          "1": 6,
          "2": "252",
          "3": "2453",
          "4": "Ceres Farms"
        },
        {
          "1": 6,
          "2": "3410",
          "3": "2454",
          "4": "Peris Barracks"
        },
        {
          "1": 6,
          "2": "3420",
          "3": "2455",
          "4": "Peris Field Tower"
        },
        {
          "1": 6,
          "2": "3430",
          "3": "2456",
          "4": "Peris Eastern Grove"
        },
        {
          "1": 6,
          "2": "4010",
          "3": "2457",
          "4": "Allatum Research Lab"
        },
        {
          "1": 6,
          "2": "4020",
          "3": "2458",
          "4": "Allatum Broadcast Hub"
        },
        {
          "1": 6,
          "2": "4030",
          "3": "2459",
          "4": "Allatum Botany Wing"
        },
        {
          "1": 6,
          "2": "4430",
          "3": "2460",
          "4": "Mao Southeast Gate"
        },
        {
          "1": 6,
          "2": "4420",
          "3": "2461",
          "4": "Mao Watchtower"
        },
        {
          "1": 6,
          "2": "4410",
          "3": "2462",
          "4": "Mao Southwest Gate"
        },
        {
          "1": 6,
          "2": "7020",
          "3": "2463",
          "4": "Tawrich Tower"
        },
        {
          "1": 6,
          "2": "7030",
          "3": "2464",
          "4": "Tawrich Recycling"
        },
        {
          "1": 6,
          "2": "7010",
          "3": "2465",
          "4": "Tawrich Depot"
        },
        {
          "1": 6,
          "2": "3620",
          "3": "2466",
          "4": "Rashnu Watchtower"
        },
        {
          "1": 6,
          "2": "3610",
          "3": "2467",
          "4": "Rashnu Cavern"
        },
        {
          "1": 6,
          "2": "3630",
          "3": "2468",
          "4": "Rashnu Southern Pass"
        },
        {
          "1": 6,
          "2": "118030",
          "3": "2469",
          "4": "Zurvan Network Complex"
        },
        {
          "1": 6,
          "2": "118010",
          "3": "2470",
          "4": "Zurvan Pump Station"
        },
        {
          "1": 6,
          "2": "118020",
          "3": "2471",
          "4": "Zurvan Storage Yard"
        },
        {
          "1": 6,
          "2": "3810",
          "3": "2472",
          "4": "Saurva Data Storage"
        },
        {
          "1": 6,
          "2": "3820",
          "3": "2473",
          "4": "Saurva South Fortress"
        },
        {
          "1": 6,
          "2": "7520",
          "3": "2474",
          "4": "Hvar Northgate Garrison"
        },
        {
          "1": 6,
          "2": "7510",
          "3": "2475",
          "4": "Hvar Western Post"
        },
        {
          "1": 6,
          "2": "7530",
          "3": "2476",
          "4": "Hvar Southgate Garrison"
        },
        {
          "1": 6,
          "2": "3210",
          "3": "2477",
          "4": "Dahaka Uplink Hub"
        },
        {
          "1": 6,
          "2": "3230",
          "3": "2478",
          "4": "Dahaka Southern Post"
        },
        {
          "1": 6,
          "2": "3220",
          "3": "2479",
          "4": "Dahaka Pump Station"
        }
      ],
      "7": [
        {
          "1": 7,
          "2": "7802",
          "3": "1000",
          "4": "Indar Northern Warpgate"
        },
        {
          "1": 7,
          "2": "7803",
          "3": "1001",
          "4": "Indar Northern Warpgate"
        },
        {
          "1": 7,
          "2": "120001",
          "3": "1002",
          "4": "Indar Western Warpgate"
        },
        {
          "1": 7,
          "2": "120002",
          "3": "1003",
          "4": "Indar Western Warpgate"
        },
        {
          "1": 7,
          "2": "4802",
          "3": "1004",
          "4": "Indar Eastern Warpgate"
        },
        {
          "1": 7,
          "2": "4803",
          "3": "1005",
          "4": "Indar Eastern Warpgate"
        },
        {
          "1": 7,
          "2": "7801",
          "3": "2201",
          "4": "Indar Northern Warpgate"
        },
        {
          "1": 7,
          "2": "120000",
          "3": "2202",
          "4": "Indar Western Warpgate"
        },
        {
          "1": 7,
          "2": "4801",
          "3": "2203",
          "4": "Indar Eastern Warpgate"
        }
      ]
    }
  },
  "4": {
    "zone_name": "Hossin",
    "region_types": {
      "2": [
        {
          "1": 2,
          "2": "299000",
          "3": "4140",
          "4": "Naum"
        },
        {
          "1": 2,
          "2": "300000",
          "3": "4150",
          "4": "Hurakan"
        },
        {
          "1": 2,
          "2": "301000",
          "3": "4160",
          "4": "Ixtab"
        }
      ],
      "3": [
        {
          "1": 3,
          "2": "302000",
          "3": "4170",
          "4": "Acan"
        },
        {
          "1": 3,
          "2": "303000",
          "3": "4180",
          "4": "Bitol"
        },
        {
          "1": 3,
          "2": "304000",
          "3": "4190",
          "4": "Zotz"
        }
      ],
      "4": [
        {
          "1": 4,
          "2": "305000",
          "3": "4200",
          "4": "Ghanan"
        },
        {
          "1": 4,
          "2": "306000",
          "3": "4210",
          "4": "Mulac"
        },
        {
          "1": 4,
          "2": "307000",
          "3": "4220",
          "4": "Chac"
        }
      ],
      "5": [
        {
          "1": 5,
          "2": "289000",
          "3": "4130",
          "4": "Genudine Holographics"
        },
        {
          "1": 5,
          "2": "290000",
          "3": "4131",
          "4": "Fort Drexler"
        },
        {
          "1": 5,
          "2": "291000",
          "3": "4132",
          "4": "Cairn Station"
        },
        {
          "1": 5,
          "2": "292000",
          "3": "4133",
          "4": "Southgate Checkpoint"
        },
        {
          "1": 5,
          "2": "293000",
          "3": "4134",
          "4": "Genesis Terraforming Plant"
        },
        {
          "1": 5,
          "2": "294000",
          "3": "4135",
          "4": "Bravata PMC Compound"
        },
        {
          "1": 5,
          "2": "295000",
          "3": "4136",
          "4": "Matsuda Genetics"
        },
        {
          "1": 5,
          "2": "296000",
          "3": "4137",
          "4": "Hayd Skydock"
        },
        {
          "1": 5,
          "2": "297000",
          "3": "4138",
          "4": "Hatcher Airstation"
        },
        {
          "1": 5,
          "2": "298000",
          "3": "4139",
          "4": "Nason's Defiance"
        }
      ],
      "6": [
        {
          "1": 6,
          "2": "261000",
          "3": "4101",
          "4": "Sharpe's Run"
        },
        {
          "1": 6,
          "2": "262000",
          "3": "4102",
          "4": "Edgewater Rickety Overlook"
        },
        {
          "1": 6,
          "2": "263000",
          "3": "4103",
          "4": "Ancient Clutter"
        },
        {
          "1": 6,
          "2": "264000",
          "3": "4104",
          "4": "Wainwright Armory"
        },
        {
          "1": 6,
          "2": "265000",
          "3": "4105",
          "4": "Rustwash Offal Pit"
        },
        {
          "1": 6,
          "2": "266000",
          "3": "4106",
          "4": "Kessel's Antiquated Crossing"
        },
        {
          "1": 6,
          "2": "267000",
          "3": "4107",
          "4": "Hossin BioChem, Inc."
        },
        {
          "1": 6,
          "2": "268000",
          "3": "4108",
          "4": "VEX BioLogics"
        },
        {
          "1": 6,
          "2": "269000",
          "3": "4109",
          "4": "Staggered Mesa Outpost"
        },
        {
          "1": 6,
          "2": "270000",
          "3": "4110",
          "4": "Fallbridge Chemical"
        },
        {
          "1": 6,
          "2": "271000",
          "3": "4111",
          "4": "Halcyon Watch"
        },
        {
          "1": 6,
          "2": "272000",
          "3": "4112",
          "4": "Abomination Point"
        },
        {
          "1": 6,
          "2": "273000",
          "3": "4113",
          "4": "ORM Scrap and Salvage"
        },
        {
          "1": 6,
          "2": "274000",
          "3": "4114",
          "4": "Iron Quay"
        },
        {
          "1": 6,
          "2": "275000",
          "3": "4115",
          "4": "Broken Vale Garrison"
        },
        {
          "1": 6,
          "2": "276000",
          "3": "4116",
          "4": "Woodman ASE Labs"
        },
        {
          "1": 6,
          "2": "277000",
          "3": "4117",
          "4": "The Rusty Bent Glaive"
        },
        {
          "1": 6,
          "2": "278000",
          "3": "4118",
          "4": "Roothouse Distillery"
        },
        {
          "1": 6,
          "2": "279000",
          "3": "4119",
          "4": "Hunter's Blind"
        },
        {
          "1": 6,
          "2": "280000",
          "3": "4120",
          "4": "Gourney Dam"
        },
        {
          "1": 6,
          "2": "281000",
          "3": "4121",
          "4": "SRP Hydroponics, Inc."
        },
        {
          "1": 6,
          "2": "282000",
          "3": "4122",
          "4": "The Ziggurat"
        },
        {
          "1": 6,
          "2": "283000",
          "3": "4123",
          "4": "Nettlemire Gardens"
        },
        {
          "1": 6,
          "2": "284000",
          "3": "4124",
          "4": "Whispering Pass"
        },
        {
          "1": 6,
          "2": "285000",
          "3": "4125",
          "4": "ComGlobal Telegraph"
        },
        {
          "1": 6,
          "2": "286000",
          "3": "4126",
          "4": "Four Fingers"
        },
        {
          "1": 6,
          "2": "287000",
          "3": "4127",
          "4": "Kestral Watch"
        },
        {
          "1": 6,
          "2": "299010",
          "3": "4141",
          "4": "Naum Ravine Overpass"
        },
        {
          "1": 6,
          "2": "299020",
          "3": "4142",
          "4": "Naum Marsh Compound"
        },
        {
          "1": 6,
          "2": "299030",
          "3": "4143",
          "4": "Naum Forward Barracks"
        },
        {
          "1": 6,
          "2": "300010",
          "3": "4151",
          "4": "Hurakan Secure Storage"
        },
        {
          "1": 6,
          "2": "300020",
          "3": "4152",
          "4": "Hurakan Western Pass"
        },
        {
          "1": 6,
          "2": "300030",
          "3": "4153",
          "4": "Hurakan Southern Depot"
        },
        {
          "1": 6,
          "2": "301010",
          "3": "4161",
          "4": "Ixtab Power Regulation"
        },
        {
          "1": 6,
          "2": "301020",
          "3": "4162",
          "4": "Ixtab Water Purification"
        },
        {
          "1": 6,
          "2": "301030",
          "3": "4163",
          "4": "Ixtab Southern Pass"
        },
        {
          "1": 6,
          "2": "302010",
          "3": "4171",
          "4": "East Acan Storage Depot"
        },
        {
          "1": 6,
          "2": "302020",
          "3": "4172",
          "4": "Acan Data Hub"
        },
        {
          "1": 6,
          "2": "302030",
          "3": "4173",
          "4": "Acan Southern Labs"
        },
        {
          "1": 6,
          "2": "303010",
          "3": "4181",
          "4": "Bitol Stockpile"
        },
        {
          "1": 6,
          "2": "303020",
          "3": "4182",
          "4": "Bitol Northern Outpost"
        },
        {
          "1": 6,
          "2": "303030",
          "3": "4183",
          "4": "Bitol Eastern Depot"
        },
        {
          "1": 6,
          "2": "304010",
          "3": "4191",
          "4": "Zotz North Garden"
        },
        {
          "1": 6,
          "2": "304020",
          "3": "4192",
          "4": "Zotz Arboretum"
        },
        {
          "1": 6,
          "2": "304030",
          "3": "4193",
          "4": "Zotz Agriculture Lab"
        },
        {
          "1": 6,
          "2": "305010",
          "3": "4201",
          "4": "Ghanan Southern Crossing"
        },
        {
          "1": 6,
          "2": "305020",
          "3": "4202",
          "4": "Ghanan Research Labs"
        },
        {
          "1": 6,
          "2": "305030",
          "3": "4203",
          "4": "Ghanan Eastern Gatehouse"
        },
        {
          "1": 6,
          "2": "306010",
          "3": "4211",
          "4": "Mulac Pass"
        },
        {
          "1": 6,
          "2": "306020",
          "3": "4212",
          "4": "Mulac Foundry"
        },
        {
          "1": 6,
          "2": "306030",
          "3": "4213",
          "4": "Mulac Purification Site"
        },
        {
          "1": 6,
          "2": "307010",
          "3": "4221",
          "4": "Chac Fusion Lab"
        },
        {
          "1": 6,
          "2": "307020",
          "3": "4222",
          "4": "Chac Water Purification"
        },
        {
          "1": 6,
          "2": "307030",
          "3": "4223",
          "4": "Chac Intel Hub"
        },
        {
          "1": 6,
          "2": "287010",
          "3": "4260",
          "4": "Construction Site Alpha"
        },
        {
          "1": 6,
          "2": "287020",
          "3": "4261",
          "4": "Construction Site Beta"
        },
        {
          "1": 6,
          "2": "287030",
          "3": "4262",
          "4": "Construction Site Gamma"
        },
        {
          "1": 6,
          "2": "287040",
          "3": "4263",
          "4": "Takkon Storage"
        },
        {
          "1": 6,
          "2": "287050",
          "3": "4264",
          "4": "Construction Site Zeta"
        },
        {
          "1": 6,
          "2": "287060",
          "3": "4265",
          "4": "Eastern Substation"
        },
        {
          "1": 6,
          "2": "287070",
          "3": "4266",
          "4": "Construction Site Delta"
        },
        {
          "1": 6,
          "2": "287080",
          "3": "4267",
          "4": "Construction Site Epsilon"
        },
        {
          "1": 6,
          "2": "287090",
          "3": "4268",
          "4": "Mossridge Command Center"
        },
        {
          "1": 6,
          "2": "287100",
          "3": "4269",
          "4": "Construction Site Omega"
        },
        {
          "1": 6,
          "2": "287110",
          "3": "4270",
          "4": "Construction Site Lambda"
        },
        {
          "1": 6,
          "2": "287120",
          "3": "4271",
          "4": "Construction Site Sigma"
        }
      ],
      "7": [
        {
          "1": 7,
          "2": "308000",
          "3": "4230",
          "4": "Hossin Western Warpgate"
        },
        {
          "1": 7,
          "2": "308001",
          "3": "4231",
          "4": "Hossin Western Warpgate"
        },
        {
          "1": 7,
          "2": "308002",
          "3": "4232",
          "4": "Hossin Western Warpgate"
        },
        {
          "1": 7,
          "2": "309000",
          "3": "4240",
          "4": "Hossin Eastern Warpgate"
        },
        {
          "1": 7,
          "2": "309001",
          "3": "4241",
          "4": "Hossin Eastern Warpgate"
        },
        {
          "1": 7,
          "2": "309002",
          "3": "4242",
          "4": "Hossin Eastern Warpgate"
        },
        {
          "1": 7,
          "2": "310000",
          "3": "4250",
          "4": "Hossin Southern Warpgate"
        },
        {
          "1": 7,
          "2": "310001",
          "3": "4251",
          "4": "Hossin Southern Warpgate"
        },
        {
          "1": 7,
          "2": "310002",
          "3": "4252",
          "4": "Hossin Southern Warpgate"
        }
      ]
    }
  },
  "6": {
    "zone_name": "Amerish",
    "region_types": {
      "2": [
        {
          "1": 2,
          "2": "204000",
          "3": "6101",
          "4": "Kwahtee"
        },
        {
          "1": 2,
          "2": "207000",
          "3": "6111",
          "4": "Sungrey"
        },
        {
          "1": 2,
          "2": "210000",
          "3": "6121",
          "4": "Wokuk"
        }
      ],
      "3": [
        {
          "1": 3,
          "2": "205000",
          "3": "6102",
          "4": "Ikanam"
        },
        {
          "1": 3,
          "2": "209000",
          "3": "6113",
          "4": "Onatha"
        },
        {
          "1": 3,
          "2": "212000",
          "3": "6123",
          "4": "Xelas"
        }
      ],
      "4": [
        {
          "1": 4,
          "2": "206000",
          "3": "6103",
          "4": "Heyoka"
        },
        {
          "1": 4,
          "2": "208000",
          "3": "6112",
          "4": "Mekala"
        },
        {
          "1": 4,
          "2": "211000",
          "3": "6122",
          "4": "Tumas"
        }
      ],
      "5": [
        {
          "1": 5,
          "2": "213000",
          "3": "6201",
          "4": "LithCorp Secure Mine"
        },
        {
          "1": 5,
          "2": "214000",
          "3": "6202",
          "4": "The NC Arsenal"
        },
        {
          "1": 5,
          "2": "215000",
          "3": "6203",
          "4": "Crux Mining Operation"
        },
        {
          "1": 5,
          "2": "216000",
          "3": "6204",
          "4": "Crux Headquarters"
        },
        {
          "1": 5,
          "2": "217000",
          "3": "6205",
          "4": "The Bastion"
        },
        {
          "1": 5,
          "2": "218000",
          "3": "6206",
          "4": "Auraxis Firearms Corp."
        },
        {
          "1": 5,
          "2": "219000",
          "3": "6207",
          "4": "Splitpeak Pass"
        },
        {
          "1": 5,
          "2": "220000",
          "3": "6208",
          "4": "West Pass Watchtower"
        },
        {
          "1": 5,
          "2": "221000",
          "3": "6209",
          "4": "Granite Valley Garrison"
        },
        {
          "1": 5,
          "2": "222280",
          "3": "6329",
          "4": "The Ascent"
        }
      ],
      "6": [
        {
          "1": 6,
          "2": "222000",
          "3": "6301",
          "4": "Stoneridge Reserve"
        },
        {
          "1": 6,
          "2": "222010",
          "3": "6302",
          "4": "North Grove Post"
        },
        {
          "1": 6,
          "2": "222020",
          "3": "6303",
          "4": "Jagged Lance Mine"
        },
        {
          "1": 6,
          "2": "222030",
          "3": "6304",
          "4": "Hidden Ridge Mining"
        },
        {
          "1": 6,
          "2": "222040",
          "3": "6305",
          "4": "SolTech Charging Station"
        },
        {
          "1": 6,
          "2": "222050",
          "3": "6306",
          "4": "Deserted Mineshaft"
        },
        {
          "1": 6,
          "2": "222060",
          "3": "6307",
          "4": "AuraxiCom Network Hub"
        },
        {
          "1": 6,
          "2": "260004",
          "3": "6308",
          "4": "Amerish ARX Reserve"
        },
        {
          "1": 6,
          "2": "222080",
          "3": "6309",
          "4": "Genudine Physics Lab"
        },
        {
          "1": 6,
          "2": "222090",
          "3": "6310",
          "4": "Cobalt Communications"
        },
        {
          "1": 6,
          "2": "222100",
          "3": "6311",
          "4": "West Foothills Airdock"
        },
        {
          "1": 6,
          "2": "222110",
          "3": "6312",
          "4": "DeepCore Geolab"
        },
        {
          "1": 6,
          "2": "222120",
          "3": "6313",
          "4": "Blackshard Tungsten Mine"
        },
        {
          "1": 6,
          "2": "222130",
          "3": "6314",
          "4": "Shadespire Farms"
        },
        {
          "1": 6,
          "2": "222150",
          "3": "6316",
          "4": "Rockslide Outlook"
        },
        {
          "1": 6,
          "2": "222160",
          "3": "6317",
          "4": "East Hills Checkpoint"
        },
        {
          "1": 6,
          "2": "222170",
          "3": "6318",
          "4": "Silver Valley Arsenal"
        },
        {
          "1": 6,
          "2": "222180",
          "3": "6319",
          "4": "Chimney Rock Depot"
        },
        {
          "1": 6,
          "2": "222190",
          "3": "6320",
          "4": "AuraxiCom Substation"
        },
        {
          "1": 6,
          "2": "222220",
          "3": "6323",
          "4": "Torremar Storage Yard"
        },
        {
          "1": 6,
          "2": "222230",
          "3": "6324",
          "4": "Highroads Station"
        },
        {
          "1": 6,
          "2": "222240",
          "3": "6325",
          "4": "Aramax Chemical Co."
        },
        {
          "1": 6,
          "2": "222250",
          "3": "6326",
          "4": "The Auraxian Cryobank"
        },
        {
          "1": 6,
          "2": "222270",
          "3": "6328",
          "4": "Raven Landing"
        },
        {
          "1": 6,
          "2": "222300",
          "3": "6330",
          "4": "LithCorp Fortress"
        },
        {
          "1": 6,
          "2": "222310",
          "3": "6331",
          "4": "Moss Ravine"
        },
        {
          "1": 6,
          "2": "222320",
          "3": "6332",
          "4": "The Auger"
        },
        {
          "1": 6,
          "2": "222330",
          "3": "6333",
          "4": "Shrouded Skyway"
        },
        {
          "1": 6,
          "2": "222340",
          "3": "6334",
          "4": "The Scarfield Reliquary"
        },
        {
          "1": 6,
          "2": "222350",
          "3": "6335",
          "4": "Lithcorp Central"
        },
        {
          "1": 6,
          "2": "222360",
          "3": "6336",
          "4": "Eastshore Training Camp"
        },
        {
          "1": 6,
          "2": "222370",
          "3": "6337",
          "4": "Subterranean Nanite Analysis"
        },
        {
          "1": 6,
          "2": "222380",
          "3": "6338",
          "4": "Barrik Electrical Station"
        },
        {
          "1": 6,
          "2": "222290",
          "3": "6339",
          "4": "SolTech Gorge"
        },
        {
          "1": 6,
          "2": "204001",
          "3": "6340",
          "4": "Kwahtee West Pass"
        },
        {
          "1": 6,
          "2": "204002",
          "3": "6341",
          "4": "Kwahtee Fortress"
        },
        {
          "1": 6,
          "2": "204003",
          "3": "6342",
          "4": "Kwahtee Mountain Complex"
        },
        {
          "1": 6,
          "2": "205001",
          "3": "6343",
          "4": "Ikanam Motor Pool"
        },
        {
          "1": 6,
          "2": "205002",
          "3": "6344",
          "4": "Ikanam Garrison"
        },
        {
          "1": 6,
          "2": "205003",
          "3": "6345",
          "4": "Ikanam Triage Station"
        },
        {
          "1": 6,
          "2": "206001",
          "3": "6346",
          "4": "Heyoka Armory"
        },
        {
          "1": 6,
          "2": "206002",
          "3": "6347",
          "4": "Heyoka Chemical Lab"
        },
        {
          "1": 6,
          "2": "207001",
          "3": "6348",
          "4": "Sungrey West Gate"
        },
        {
          "1": 6,
          "2": "207002",
          "3": "6349",
          "4": "Sungrey Power Hub"
        },
        {
          "1": 6,
          "2": "207003",
          "3": "6350",
          "4": "Sungrey Overwatch"
        },
        {
          "1": 6,
          "2": "208001",
          "3": "6351",
          "4": "Mekala Cart Mining"
        },
        {
          "1": 6,
          "2": "208002",
          "3": "6352",
          "4": "Mekala's Auxiliary Compound"
        },
        {
          "1": 6,
          "2": "209001",
          "3": "6353",
          "4": "Onatha North Gate"
        },
        {
          "1": 6,
          "2": "209002",
          "3": "6354",
          "4": "East Onatha Comm. Array"
        },
        {
          "1": 6,
          "2": "209003",
          "3": "6355",
          "4": "Onatha Southwest Gate"
        },
        {
          "1": 6,
          "2": "210001",
          "3": "6356",
          "4": "Wokuk Ecological Preserve"
        },
        {
          "1": 6,
          "2": "210002",
          "3": "6357",
          "4": "Wokuk Shipping Dock"
        },
        {
          "1": 6,
          "2": "210003",
          "3": "6358",
          "4": "Wokuk Watchtower"
        },
        {
          "1": 6,
          "2": "211001",
          "3": "6359",
          "4": "Tumas Skylance Battery"
        },
        {
          "1": 6,
          "2": "211002",
          "3": "6360",
          "4": "Tumas Cargo Facility"
        },
        {
          "1": 6,
          "2": "212001",
          "3": "6361",
          "4": "Xelas West Air Dock"
        },
        {
          "1": 6,
          "2": "212002",
          "3": "6362",
          "4": "Xelas North Gate"
        },
        {
          "1": 6,
          "2": "212003",
          "3": "6363",
          "4": "Xelas South Bridge"
        }
      ],
      "7": [
        {
          "1": 7,
          "2": "200000",
          "3": "6001",
          "4": "Amerish Western Warpgate"
        },
        {
          "1": 7,
          "2": "201000",
          "3": "6002",
          "4": "Amerish Eastern Warpgate"
        },
        {
          "1": 7,
          "2": "203000",
          "3": "6003",
          "4": "Amerish Southern Warpgate"
        },
        {
          "1": 7,
          "2": "200001",
          "3": "6004",
          "4": "Amerish Western Warpgate"
        },
        {
          "1": 7,
          "2": "200002",
          "3": "6005",
          "4": "Amerish Western Warpgate"
        },
        {
          "1": 7,
          "2": "201001",
          "3": "6006",
          "4": "Amerish Eastern Warpgate"
        },
        {
          "1": 7,
          "2": "201002",
          "3": "6007",
          "4": "Amerish Eastern Warpgate"
        },
        {
          "1": 7,
          "2": "203001",
          "3": "6008",
          "4": "Amerish Southern Warpgate"
        },
        {
          "1": 7,
          "2": "203002",
          "3": "6009",
          "4": "Amerish Southern Warpgate"
        }
      ]
    }
  },
  "8": {
    "zone_name": "Esamir",
    "region_types": {
      "2": [
        {
          "1": 2,
          "2": "252000",
          "3": "18023",
          "4": "Elli"
        },
        {
          "1": 2,
          "2": "253000",
          "3": "18024",
          "4": "Freyr"
        },
        {
          "1": 2,
          "2": "256000",
          "3": "18027",
          "4": "Nott"
        }
      ],
      "3": [
        {
          "1": 3,
          "2": "251000",
          "3": "18022",
          "4": "Andvari"
        },
        {
          "1": 3,
          "2": "255000",
          "3": "18026",
          "4": "Mani"
        },
        {
          "1": 3,
          "2": "257000",
          "3": "18028",
          "4": "Ymir"
        }
      ],
      "4": [
        {
          "1": 4,
          "2": "254000",
          "3": "18025",
          "4": "Eisa"
        }
      ],
      "5": [
        {
          "1": 5,
          "2": "250000",
          "3": "18009",
          "4": "Jaeger's Crossing"
        },
        {
          "1": 5,
          "2": "245000",
          "3": "18016",
          "4": "Snowshear Watchtower"
        },
        {
          "1": 5,
          "2": "246000",
          "3": "18017",
          "4": "Mattherson's Triumph"
        },
        {
          "1": 5,
          "2": "247000",
          "3": "18018",
          "4": "Northpoint Station"
        },
        {
          "1": 5,
          "2": "248000",
          "3": "18019",
          "4": "Saerro Listening Post"
        },
        {
          "1": 5,
          "2": "249000",
          "3": "18020",
          "4": "Waterson's Redemption"
        },
        {
          "1": 5,
          "2": "260010",
          "3": "18038",
          "4": "Terran BL-4 Crash Site"
        }
      ],
      "6": [
        {
          "1": 6,
          "2": "230000",
          "3": "18001",
          "4": "Palos Solar Array"
        },
        {
          "1": 6,
          "2": "231000",
          "3": "18002",
          "4": "Crystal Ridge Comm Array"
        },
        {
          "1": 6,
          "2": "232000",
          "3": "18003",
          "4": "Haven Outpost"
        },
        {
          "1": 6,
          "2": "233000",
          "3": "18004",
          "4": "Aurora Materials Lab"
        },
        {
          "1": 6,
          "2": "234000",
          "3": "18005",
          "4": "Apex Genetics"
        },
        {
          "1": 6,
          "2": "235000",
          "3": "18006",
          "4": "Stillwater Watch"
        },
        {
          "1": 6,
          "2": "236000",
          "3": "18007",
          "4": "Grey Heron Shipping"
        },
        {
          "1": 6,
          "2": "237000",
          "3": "18008",
          "4": "The Traverse"
        },
        {
          "1": 6,
          "2": "239000",
          "3": "18010",
          "4": "Pale Canyon Chemical"
        },
        {
          "1": 6,
          "2": "240000",
          "3": "18011",
          "4": "Old Shore Checkpoint"
        },
        {
          "1": 6,
          "2": "241000",
          "3": "18012",
          "4": "Everett Supply Co."
        },
        {
          "1": 6,
          "2": "242000",
          "3": "18013",
          "4": "Geological Survey Camp"
        },
        {
          "1": 6,
          "2": "243000",
          "3": "18014",
          "4": "Elli Forest Pass"
        },
        {
          "1": 6,
          "2": "244000",
          "3": "18015",
          "4": "Frostfall Overlook"
        },
        {
          "1": 6,
          "2": "238000",
          "3": "18021",
          "4": "The Bulwark"
        },
        {
          "1": 6,
          "2": "244100",
          "3": "18032",
          "4": "Echo Valley Substation"
        },
        {
          "1": 6,
          "2": "244200",
          "3": "18033",
          "4": "Bridge-ward"
        },
        {
          "1": 6,
          "2": "244300",
          "3": "18034",
          "4": "Frostbite Harbor"
        },
        {
          "1": 6,
          "2": "310005",
          "3": "18035",
          "4": "East River Sky Station"
        },
        {
          "1": 6,
          "2": "244500",
          "3": "18036",
          "4": "Jaeger's Fist"
        },
        {
          "1": 6,
          "2": "244600",
          "3": "18037",
          "4": "Two Stone Beach"
        },
        {
          "1": 6,
          "2": "251010",
          "3": "18046",
          "4": "Andvari Barracks"
        },
        {
          "1": 6,
          "2": "251020",
          "3": "18047",
          "4": "Andvari Frozen Reservoir"
        },
        {
          "1": 6,
          "2": "251030",
          "3": "18048",
          "4": "Andvari South Bank"
        },
        {
          "1": 6,
          "2": "252010",
          "3": "18049",
          "4": "Elli Tower"
        },
        {
          "1": 6,
          "2": "252020",
          "3": "18050",
          "4": "Elli Barracks Complex"
        },
        {
          "1": 6,
          "2": "253010",
          "3": "18051",
          "4": "Freyr Northern Barracks"
        },
        {
          "1": 6,
          "2": "253020",
          "3": "18052",
          "4": "Freyr Geothermal Plant"
        },
        {
          "1": 6,
          "2": "253030",
          "3": "18053",
          "4": "Freyr Network Compound"
        },
        {
          "1": 6,
          "2": "253040",
          "3": "18054",
          "4": "Freyr Substation"
        },
        {
          "1": 6,
          "2": "254010",
          "3": "18055",
          "4": "Eisa Mountain Pass"
        },
        {
          "1": 6,
          "2": "254020",
          "3": "18056",
          "4": "Eisa Southern Camp"
        },
        {
          "1": 6,
          "2": "254030",
          "3": "18057",
          "4": "Eisa Mining Operation"
        },
        {
          "1": 6,
          "2": "255010",
          "3": "18058",
          "4": "Mani Tower"
        },
        {
          "1": 6,
          "2": "255020",
          "3": "18059",
          "4": "Mani Fortress"
        },
        {
          "1": 6,
          "2": "255030",
          "3": "18060",
          "4": "Mani Lake Satellite"
        },
        {
          "1": 6,
          "2": "256010",
          "3": "18061",
          "4": "Nott Substation"
        },
        {
          "1": 6,
          "2": "256020",
          "3": "18062",
          "4": "Nott Research Camp"
        },
        {
          "1": 6,
          "2": "256030",
          "3": "18063",
          "4": "Nott Communications"
        },
        {
          "1": 6,
          "2": "257010",
          "3": "18064",
          "4": "Ymir Mine Watch"
        },
        {
          "1": 6,
          "2": "257020",
          "3": "18065",
          "4": "Ymir Eastern Way Station"
        },
        {
          "1": 6,
          "2": "257030",
          "3": "18066",
          "4": "Ymir Southern Reach"
        },
        {
          "1": 6,
          "2": "244610",
          "3": "18067",
          "4": "Rime Analytics"
        },
        {
          "1": 6,
          "2": "244620",
          "3": "18068",
          "4": "The Rink"
        }
      ],
      "7": [
        {
          "1": 7,
          "2": "258000",
          "3": "18029",
          "4": "Esamir North Western Warpgate"
        },
        {
          "1": 7,
          "2": "259000",
          "3": "18030",
          "4": "Esamir Southern Warpgate"
        },
        {
          "1": 7,
          "2": "260000",
          "3": "18031",
          "4": "Esamir Eastern Warpgate"
        },
        {
          "1": 7,
          "2": "260011",
          "3": "18039",
          "4": "Esamir Eastern Warpgate"
        },
        {
          "1": 7,
          "2": "260012",
          "3": "18040",
          "4": "Esamir Eastern Warpgate"
        },
        {
          "1": 7,
          "2": "260013",
          "3": "18041",
          "4": "Esamir North Western Warpgate"
        },
        {
          "1": 7,
          "2": "260014",
          "3": "18042",
          "4": "Esamir North Western Warpgate"
        },
        {
          "1": 7,
          "2": "260015",
          "3": "18043",
          "4": "Esamir Southern Warpgate"
        },
        {
          "1": 7,
          "2": "260016",
          "3": "18044",
          "4": "Esamir Southern Warpgate"
        }
      ]
    }
  }
}